[

{"מועד":"20.03.2020","זמן צפוי":2,"מספר חוצצים":2,"סוג דיון":"הוכחה","בית משפט":"ירושלים","שופט":"אבי בן אבי","פרקליט":"משה בן משה"},
{"מועד":"26.05.2020","זמן צפוי":1,"מספר חוצצים":5,"סוג דיון":"הוכחה","בית משפט":"ירושלים","שופט":"אבי בן אבי","פרקליט":"משה בן משה"},
{"מועד":"20.03.2020","זמן צפוי":2,"מספר חוצצים":2,"סוג דיון":"הוכחה","בית משפט":"ירושלים","שופט":"אבי בן אבי","פרקליט":"משה בן משה"},
{"מועד":"20.03.2020","זמן צפוי":2,"מספר חוצצים":2,"סוג דיון":"הוכחה","בית משפט":"ירושלים","שופט":"אבי בן אבי","פרקליט":"משה בן משה"},
{"מועד":"20.03.2020","זמן צפוי":2,"מספר חוצצים":2,"סוג דיון":"הוכחה","בית משפט":"ירושלים","שופט":"אבי בן אבי","פרקליט":"משה בן משה"},
{"מועד":"20.03.2020","זמן צפוי":2,"מספר חוצצים":2,"סוג דיון":"הוכחה","בית משפט":"ירושלים","שופט":"אבי בן אבי","פרקליט":"משה בן משה"}
]